"slug","nome","estado","uf","partido","categoria","categoria_simplificada","pasta","arquivo","cursor_inicial_caracteres","indice_base_empirica_pct_publicado","total_palavras_publicado","n_pilar_a_publicado","n_pilar_b_publicado","n_pilar_c_publicado","n_retorica_publicado","n_fortalec_publicado","n_ampli_publicado"
"cicero-lucena","Cícero Lucena","Paraíba","PB","MDB","desafiante","desafiante","paraiba","cicero-lucena.txt","0","15.1","17272","6","7","14","141","40","62"
"efraim-filho","Efraim Filho","Paraíba","PB","PL","desafiante","desafiante","paraiba","efraim-filho.txt","0","0.9","11297","0","0","1","113","35","24"
"lucas-ribeiro","Lucas Ribeiro","Paraíba","PB","PP","incumbente por sucessão","incumbente por sucessão","paraiba","lucas-ribeiro.txt","0","0.0","3837","0","0","0","82","45","49"
"orleans-brandao","Orleans Brandão","Maranhão","MA","MDB","candidato de continuidade","candidato de continuidade","maranhao","orleans-brandao.txt","3204","3.1","7280","0","0","3","94","50","53"
"eduardo-braide","Eduardo Braide","Maranhão","MA","PSD","desafiante","desafiante","maranhao","eduardo-braide.txt","0","3.7","1341","1","0","0","26","14","20"
"felipe-camarao","Felipe Camarão","Maranhão","MA","PT","desafiante (vice-governador em exercício, rompido com o governador)","desafiante","maranhao","felipe-camarao.txt","0","19.3","26704","13","8","30","176","62","41"
"rafael-fonteles","Rafael Fonteles","Piauí","PI","PT","incumbente pleno (governador em exercício, 1º mandato, concorrendo à reeleição)","incumbente pleno","piaui","rafael-fonteles.txt","0","10.0","12083","3","17","4","197","72","107"
"joel-rodrigues","Joel Rodrigues","Piauí","PI","PP","desafiante","desafiante","piaui","joel-rodrigues.txt","0","1.5","34769","1","0","4","337","118","158"
"elmano-de-freitas","Elmano de Freitas","Ceará","CE","PT","incumbente pleno (governador em exercício, 1º mandato, concorrendo à reeleição) — segundo institutos de peso nacional, aparece atrás do desafiante nas pesquisas","incumbente pleno","ceara","elmano-de-freitas.txt","6999","1.4","18517","0","4","3","485","272","218"
"ciro-gomes","Ciro Gomes","Ceará","CE","PSDB","desafiante — líder nas pesquisas","desafiante","ceara","ciro-gomes.txt","0","0.0","9103","0","0","0","179","51","44"
"raquel-lyra","Raquel Lyra","Pernambuco","PE","PSD","incumbente pleno (governadora em exercício, 1º mandato, concorrendo à reeleição)","incumbente pleno","pernambuco","raquel-lyra.txt","0","4.0","27771","4","7","5","381","134","117"
"joao-campos","João Campos","Pernambuco","PE","PSB","desafiante (prefeito do Recife)","desafiante","pernambuco","joao-campos.txt","0","0.5","14961","0","0","1","197","80","93"
"allyson-bezerra","Allyson Bezerra","Rio Grande do Norte","RN","União Brasil","desafiante","desafiante","rio-grande-do-norte","allyson-bezerra.txt","0","1.2","6535","0","0","1","85","20","40"
"alvaro-dias","Álvaro Dias","Rio Grande do Norte","RN","PL","desafiante","desafiante","rio-grande-do-norte","alvaro-dias.txt","15110","1.7","30516","3","0","9","514","259","240"
"cadu-xavier","Cadu Xavier","Rio Grande do Norte","RN","PT","candidato de continuidade (indicado/apoiado publicamente pela governadora Fátima Bezerra, PT, que não concorre à reeleição; o próprio plano se posiciona como continuidade do ""legado"" do governo Fátima, citada nominalmente dezenas de vezes no documento)","candidato de continuidade","rio-grande-do-norte","cadu-xavier.txt","0","0.4","20664","1","0","0","256","62","67"
"jhc","João Henrique Caldas (JHC)","Alagoas","AL","PSDB","desafiante (ex-prefeito de Maceió)","desafiante","alagoas","jhc.txt","0","10.1","13814","8","2","2","107","30","57"
"renan-filho","Renan Filho","Alagoas","AL","MDB","candidato de continuidade (ex-governador; apoiado pelo governador em exercício Paulo Dantas, que não concorre)","candidato de continuidade","alagoas","renan-filho.txt","0","0.0","1129","0","0","0","18","4","9"
"fabio-mitidieri","Fábio Mitidieri","Sergipe","SE","PSD","incumbente pleno (governador em exercício, 1º mandato, concorrendo à reeleição)","incumbente pleno","sergipe","fabio-mitidieri.txt","0","3.0","8045","0","0","5","163","77","47"
"valmir-de-francisquinho","Valmir de Francisquinho","Sergipe","SE","Republicanos","desafiante (ex-prefeito de Itabaiana)","desafiante","sergipe","valmir-de-francisquinho.txt","0","1.9","16946","1","2","6","468","184","120"
"jeronimo-rodrigues","Jerônimo Rodrigues","Bahia","BA","PT","incumbente pleno (governador em exercício, 1º mandato, concorrendo à reeleição)","incumbente pleno","bahia","jeronimo-rodrigues.txt","5879","2.8","15450","1","1","7","276","150","174"
"acm-neto","ACM Neto","Bahia","BA","União Brasil","desafiante (ex-prefeito de Salvador)","desafiante","bahia","acm-neto.txt","0","25.6","75226","47","17","58","288","31","80"
