slug,nome,partido,estado,categoria_raw,total_palavras,indice_base_empirica_pct,n_fortalec,n_ampli,per_mil_jargao,categoria,indice_base_empirica_legado_pct,n_compromisso_sem_base
mailza-assis,Mailza Assis,PP,AC,"incumbente por sucessão — eleita vice-governadora em 2022 na chapa de Gladson Cameli (PP) e empossada governadora em 2026, quando Cameli renunciou ao cargo para concorrer ao Senado; concorre a mandato próprio em 2026 com apoio declarado do ex-governador (fontes: InfoMoney, 'Candidatos a governador do Acre em 2026'; AcreNews, 'Gladson entrega a faixa e Mailza é a nova governadora do Acre'; NEPOL, 'Poder, Herança e Disputa: as peças em movimento nas eleições de 2026 no Acre')",26480,0.6,272,226,18.81,incumbente por sucessão,0.5,535
alan-rick,Alan Rick,Republicanos,AC,"desafiante — senador da República (Republicanos), eleito em 2022, deixa o mandato no Senado para concorrer ao governo do Acre; apesar de situado no mesmo campo político conservador de Gladson Cameli, é descrito pela imprensa como opositor à candidatura de continuidade de Mailza Assis (disputa interna no campo de direita), não como aliado do governo estadual atual — pesquisa AtlasIntel (jun/2026) mostrava os dois candidatos empatados na disputa (fontes: NEPOL, 'Poder, Herança e Disputa: as peças em movimento nas eleições de 2026 no Acre'; Poder360, 'Mailza Assis e Alan Rick empatam para o governo do Acre, diz AtlasIntel'; InfoMoney, 'Candidatos a governador do Acre em 2026')",12497,2.1,84,105,15.12,desafiante,3.1,276
clecio-luis,Clécio Luís,União,AP,"incumbente pleno (governador em exercício do Amapá, 1º mandato 2023-2026, concorrendo à reeleição) — confirmado pelo próprio texto do plano ('Desde o início da gestão do governador Clécio Luís...'; 'no segundo governo Clécio') e por cobertura eleitoral de 2026 ('O Amapá. O Clécio Luís. A Candidatura à Reeleição', blogoantagonico.com.br, jul/2026)",9876,0.6,97,94,19.34,incumbente pleno,0.6,162
dr-furlan,Dr. Furlan,PSD,AP,"desafiante — ex-prefeito de Macapá (capital do Estado), afastado do cargo e depois renunciou à prefeitura em 2026 para disputar o governo do Amapá pela coligação PSD/PL/PODEMOS/NOVO, em oposição ao governo estadual de Clécio Luís (fonte: 'Prefeito afastado de Macapá renuncia para disputar o governo do Amapá', CNN Brasil, 2026)",20264,2.2,178,135,15.45,desafiante,2.3,392
omar-aziz,Omar Aziz,PSD,AM,"desafiante — ex-governador do Amazonas (2011-2014), atualmente senador da República, concorrendo para retornar ao cargo; não integra o grupo político do governo em exercício (Wilson Lima/Roberto Cidade) e lidera as pesquisas de intenção de voto divulgadas até agosto de 2026. Fonte: reportagens 'ELEIÇÕES 2026: a difícil missão do senador Omar Aziz retornar ao governo do Amazonas' (Portal Flagrante) e 'Omar Aziz lidera disputa pelo governo do Amazonas, diz pesquisa' (Poder360).",432989,23.8,758,786,3.57,desafiante,18.4,2770
roberto-cidade,Roberto Cidade,União,AM,"candidato de continuidade — escolhido e publicamente apoiado por Wilson Lima, governador em exercício até abril de 2026, quando renunciou ao cargo (dentro do prazo de desincompatibilização) para concorrer ao Senado após dois mandatos consecutivos (2019-2022 e 2023-2026, portanto inelegível à reeleição ao Executivo estadual); não é 'incumbente por sucessão' no sentido estrito (não assumiu o cargo antes da eleição) — é o sucessor indicado, com Wilson Lima na mesma chapa/coligação como candidato a senador. Fonte: reportagens ''Grupo fortalecido', diz Wilson Lima ao confirmar Roberto Cidade como pré-candidato ao Governo do AM' (Agência Cenarium) e 'Wilson Lima renuncia ao governo do Amazonas no prazo final de desincompatibilização' (Tribuna do Sertão).",7119,1.2,30,34,8.99,candidato de continuidade,1.6,82
david-almeida,David Almeida,Avante,AM,"desafiante — prefeito de Manaus licenciado (Avante); disputa o 2º lugar atrás do líder Omar Aziz (PSD) com Roberto Cidade (União, ligado ao governo Wilson Lima), com margens que variam de folgadas em um instituto (Instituto Projeta, jun/2026: Cidade 22,4% x Almeida 17,1%) a tecnicamente empatadas em outro (Direto ao Ponto, jun/2026: Almeida 21% x Cidade 20%); passou a ser coberto como candidato pleno em 25/08/2026 por ser um competidor real, não marginal [fonte: ver RELATORIO_COMPARATIVO_NORTE.md, seção 7, 'Nota sobre David Almeida'].",18830,5.1,86,73,8.44,desafiante,4.9,282
hana-ghassan,Hana Ghassan,MDB,PA,"incumbente por sucessão — vice-governadora que assumiu o Governo do Pará em 2026 após a renúncia do então governador Helder Barbalho (MDB), que deixou o cargo para concorrer ao Senado; Hana foi lançada pelo MDB como candidata à sucessão, buscando mandato próprio (fontes: Metropoles e O Liberal, agosto de 2026, que já a tratam como 'a governadora' e Barbalho como 'ex-governador')",16781,2.1,136,173,18.41,incumbente por sucessão,2.9,417
dr-daniel-santos,Dr. Daniel Santos,Podemos,PA,"desafiante — médico e candidato pelo Podemos, sem vínculo com o governo estadual em exercício (fonte: Diário do Pará, agosto de 2026)",19373,0.6,116,89,10.58,desafiante,0.3,171
adailton-furia,Adailton Fúria,PSD,RO,"candidato de continuidade — apoiado publicamente pelo governador em exercício Marcos Rocha (PSD, ex-União Brasil), que não pode concorrer à reeleição por já estar em seu 2º mandato consecutivo (2019-2023, reeleito para 2023-2027) [fonte: Rondônia Dinâmica/Portal Rondônia, fev/2026, ""Marcos Rocha declara apoio à pré-candidatura de Adailton Fúria""]",31423,2.8,91,100,6.08,candidato de continuidade,3.6,413
marcos-rogerio,Marcos Rogério,PL,RO,"desafiante — senador da República pelo PL, consolidado como principal opositor ao atual governo estadual; candidatura própria do PL, sem apoio do governador em exercício [fonte: Rondônia Ao Vivo, maio/2026, ""Marcos Rogério vai se consolidando como principal oposição ao atual governo""; Poder360, ""PL lança Marcos Rogério ao governo de Rondônia""]",42769,10.1,133,89,5.19,desafiante,7.7,313
hildon-chaves,Hildon Chaves,Federação União Progressista e Republicanos,RO,"desafiante — ex-prefeito de Porto Velho; está em empate técnico genuíno com Adailton Fúria (PSD, candidato de continuidade apoiado pelo governador Marcos Rocha) pela 2ª colocação e pela vaga no 2º turno, atrás do líder isolado Marcos Rogério (PL), conforme pesquisa Phoenix (22/08/2026) — situação estruturalmente parecida com o empate técnico do Paraná (ver RELATORIO_COMPARATIVO_SUL.md), mas aqui sem uma arbitragem dedicada equivalente; passou a ser coberto como candidato pleno em 25/08/2026 por não haver justificativa clara para preferir Adailton Fúria isoladamente",33296,0.5,210,160,11.11,desafiante,0.5,572
professora-dorinha,Professora Dorinha,União,TO,"candidata de continuidade — publicamente apoiada e com engajamento ativo na campanha pelo governador em exercício Wanderlei Barbosa (PSD), que declarou voto nela e defendeu a “continuidade dos avanços” do seu governo, embora ela própria nunca tenha ocupado o Executivo estadual (é deputada federal) — fonte: cobertura jornalística de agosto de 2026 (O Girassol, Gazeta do Cerrado, Conexão Tocantins)",17635,2.3,96,115,11.96,candidato de continuidade,4.3,555
vicentinho-junior,Vicentinho Júnior,PSDB,TO,"desafiante — ex-prefeito de Araguaína, concorre sem o apoio do governador em exercício Wanderlei Barbosa (que apoia publicamente a candidata concorrente); parte da cobertura jornalística registra apoio isolado de ao menos um prefeito filiado ao partido do governador (Republicanos), mas não do próprio governador — fonte: cobertura jornalística de agosto de 2026 (Folha do Bico)",10180,3.3,34,17,5.01,desafiante,3.6,117
