"slug","nome","uf","categoria_simplificada","indice_recalc","n_pilar_a_recalc","n_pilar_b_recalc","n_pilar_c_recalc","n_retorica_recalc","total_palavras_recalc","n_fortalec_recalc","n_ampli_recalc","per_mil_total_recalc","indice_pub","n_pilar_a_pub","n_pilar_b_pub","n_pilar_c_pub","n_retorica_pub","total_palavras_pub","n_fortalec_pub","n_ampli_pub"
"cicero-lucena","Cícero Lucena","PB","desafiante",15.1,6,7,14,141,17272,40,62,5.91,15.1,6,7,14,141,17272,40,62
"efraim-filho","Efraim Filho","PB","desafiante",0.9,0,0,1,113,11297,35,24,5.22,0.9,0,0,1,113,11297,35,24
"lucas-ribeiro","Lucas Ribeiro","PB","incumbente por sucessão",0,0,0,0,82,3837,45,49,24.5,0,0,0,0,82,3837,45,49
"orleans-brandao","Orleans Brandão","MA","candidato de continuidade",3.1,0,0,3,94,7280,50,53,14.15,3.1,0,0,3,94,7280,50,53
"eduardo-braide","Eduardo Braide","MA","desafiante",3.7,1,0,0,26,1341,14,20,25.35,3.7,1,0,0,26,1341,14,20
"felipe-camarao","Felipe Camarão","MA","desafiante",19.3,13,8,30,176,26704,62,41,3.86,19.3,13,8,30,176,26704,62,41
"rafael-fonteles","Rafael Fonteles","PI","incumbente pleno",10,3,17,4,197,12083,72,107,14.81,10,3,17,4,197,12083,72,107
"joel-rodrigues","Joel Rodrigues","PI","desafiante",1.5,1,0,4,337,34769,118,158,7.94,1.5,1,0,4,337,34769,118,158
"elmano-de-freitas","Elmano de Freitas","CE","incumbente pleno",1.4,0,4,3,485,18517,272,218,26.46,1.4,0,4,3,485,18517,272,218
"ciro-gomes","Ciro Gomes","CE","desafiante",0,0,0,0,179,9103,51,44,10.44,0,0,0,0,179,9103,51,44
"raquel-lyra","Raquel Lyra","PE","incumbente pleno",4,4,7,5,381,27771,134,117,9.04,4,4,7,5,381,27771,134,117
"joao-campos","João Campos","PE","desafiante",0.5,0,0,1,197,14961,80,93,11.56,0.5,0,0,1,197,14961,80,93
"allyson-bezerra","Allyson Bezerra","RN","desafiante",1.2,0,0,1,85,6535,43,40,12.7,1.2,0,0,1,85,6535,20,40
"alvaro-dias","Álvaro Dias","RN","desafiante",1.4,2,0,7,499,30516,259,240,16.35,1.7,3,0,9,514,30516,259,240
"cadu-xavier","Cadu Xavier","RN","candidato de continuidade",0.4,1,0,0,256,20664,62,67,6.24,0.4,1,0,0,256,20664,62,67
"jhc","João Henrique Caldas (JHC)","AL","desafiante",10.1,8,2,2,107,13814,30,57,6.3,10.1,8,2,2,107,13814,30,57
"renan-filho","Renan Filho","AL","candidato de continuidade",0,0,0,0,18,1129,4,9,11.51,0,0,0,0,18,1129,4,9
"fabio-mitidieri","Fábio Mitidieri","SE","incumbente pleno",3,0,0,5,163,8045,77,47,15.41,3,0,0,5,163,8045,77,47
"valmir-de-francisquinho","Valmir de Francisquinho","SE","desafiante",1.9,1,2,6,468,16946,184,120,17.94,1.9,1,2,6,468,16946,184,120
"jeronimo-rodrigues","Jerônimo Rodrigues","BA","incumbente pleno",2.8,1,1,7,276,15450,150,174,20.97,2.8,1,1,7,276,15450,150,174
"acm-neto","ACM Neto","BA","desafiante",25.6,47,17,58,288,75221,31,80,1.48,25.6,47,17,58,288,75226,31,80
