id,estrato,frase,regex_a,llm_a,regex_b,llm_b,regex_c,llm_c,regex_jargao,llm_jargao,regex_com_base,llm_com_base
0,retorica_jargao,"a capacidade da sociedade de gerar prosperidade, qualidade de vida, liberdade e",False,False,False,False,False,False,True,True,False,False
1,so_pilar_b,queimadas foi reduzida em 38% e os focos de incêndio apresentaram queda de quase,False,True,True,False,False,False,False,False,True,True
2,retorica_jargao,●​ Modernizar e simplificar os processos de licenciamento,False,False,False,False,False,False,True,True,False,False
3,neutro_com_verbo_compromisso,"Muralha Digital do DF: Executar o projeto Muralha Digital, implantando um sistema",False,False,False,False,False,False,False,False,False,False
4,so_pilar_c,"os problemas territoriais, a exemplo de gestão integrada de Resíduos Sólidos,",False,False,False,False,True,False,False,True,True,False
5,retorica_jargao,Plano de Modernização e Reengenharia Prisional: Promover a expansão de,False,False,False,False,False,False,True,True,False,False
6,neutro_com_verbo_compromisso,●​ Instituir o programa de Bolsas a participantes de processos,False,False,False,False,False,False,False,False,False,False
7,neutro_puro,"(CEREST), ampliando as ações de promoção, prevenção, vigilância",False,False,False,False,False,False,False,False,False,False
8,neutro_puro,das Forças de Segurança exige um conjunto de ações organizadas em fases suces-,False,False,False,False,False,False,False,False,False,False
9,so_pilar_b,"32,1 milhões (15,8% da população), um aumento de 56% em relação a 2010.",False,True,True,False,False,False,False,False,True,True
10,so_pilar_c,Decreto-Lei nº 288/1967 – lista negativa de cosméticos,False,False,False,False,True,True,False,False,True,True
11,so_pilar_c,"tups (Lei nº 14.195/2021), que facilita contratos de inovação e sandbox regulatório",False,False,False,False,True,True,False,False,True,True
12,neutro_com_verbo_compromisso,"Promover a restauração de patrimônio hislórico-religioso de Pernambuco, assegurando sta",False,False,False,False,False,False,False,False,False,False
13,so_pilar_b,Meta: elevar em 50% a destinação de recursos em relação à atual dotação,False,False,True,True,False,False,False,False,True,True
14,retorica_jargao,"padronizados e compras consorciadas) aos 142 municípios, gerando         Esse compromisso com a valorização estendeu-se ao fortalecimento",False,False,False,False,False,False,True,True,False,False
15,so_pilar_b,Elevar a média estadual de pavimentação a pelo menos 80% das ruas das zonas,False,False,True,True,False,False,False,False,True,True
16,multi_pilar,"e mão de obra na Bahia (SINAPI/IBGE, fevereiro de 2026: custo médio de construção residencial de R$",True,True,False,False,True,True,False,False,True,True
17,neutro_com_verbo_compromisso,"ciar ou ampliar sua fonte de renda, mediante",False,False,False,False,False,False,False,False,False,False
18,so_pilar_c,"Rural (Lei nº 12.651/2012), o Plano Agricultura de Baixa Emissão de Carbono (Plano",False,False,False,False,True,True,False,False,True,True
19,retorica_jargao,"Na gestão pública, esse potencial será amplamente aproveitado.",False,False,False,False,False,False,True,False,False,False
20,so_pilar_a,"tem 7 CAPS, e 42 municípios não têm nenhum.",True,True,False,False,False,False,False,False,True,True
21,so_pilar_c,"Conforme levantamento prévio, as instituições relacionadas a seguir são",False,False,False,False,True,False,False,False,True,False
22,multi_pilar,População Estimada (2025): 4.321.616 habitantes (Considera a contagem oficial recalculada pelo IBGE até julho de 2025).,True,True,False,False,True,True,False,False,True,True
23,neutro_com_verbo_compromisso,"responsável para reconstruir a confiança, restabelecer o equilíbrio fiscal e criar",False,False,False,False,False,False,False,False,False,False
24,multi_pilar,"o dobro da média nacional (PNAD Contínua Educação/IBGE, 2025, divulgada",True,True,False,False,True,True,False,False,True,True
25,so_pilar_b,"expansão da renda média, contribuiu para reduzir a extrema pobreza a 1,6%, uma das menores taxas do país, além",False,True,True,False,False,False,False,False,True,True
26,retorica_jargao,"essenciais, capacidade de investimento e sustentabilidade da dívida e buscando equilíbrio",False,False,False,False,False,False,True,True,False,False
27,neutro_puro,"em cooperativas, hubs produtivos e redes de apoio pode melhorar o acesso a mercados,",False,False,False,False,False,False,False,False,False,False
28,neutro_puro,"Em apenas 3 anos e maia, assmamos mais de 20",False,True,False,False,False,False,False,False,False,True
29,so_pilar_a,"somente em 2025, foram registrados                     e atendimento às vítimas e promovendo",True,False,False,False,False,False,False,False,True,False
30,retorica_jargao,processo de avaliação técnica dos            Com protocolo integrado,False,False,False,False,False,False,True,True,False,False
31,neutro_com_verbo_compromisso,Significa reduzir o tempo de espera por uma cirurgia.,False,False,False,False,False,False,False,False,False,False
32,neutro_puro,Professores da rede regular receberão formação continuada obrigatória em práticas pedagógicas,False,False,False,False,False,False,False,False,False,False
33,so_pilar_b,a meta de 95% de cobertura vacinal infantil.,False,False,True,True,False,False,False,False,True,True
34,so_pilar_c,"2026-2036, instituído pela Lei nº 15.388, de 14 de abril de 2026,",False,False,False,False,True,True,False,False,True,True
35,neutro_puro,"Trade, produz 7 mil toneladas de estanho e 2 mil de nióbio e tântalo por ano, gerando um",False,True,False,False,False,False,False,False,False,True
36,so_pilar_a,"Terceira maior balança comercial do país, com superávit de US21,5 bilhões.",True,True,False,False,False,False,False,False,True,True
37,neutro_com_verbo_compromisso,"conquistar autonomia, inovar, empreender, gerar riqueza e construir uma sociedade mais",False,False,False,False,False,False,False,True,False,False
38,so_pilar_a,"do Amazonas, com base em microdados do Censo 2022 e projeções inter-",True,False,False,False,False,True,False,False,True,True
39,retorica_jargao,"Fortalecer os vínculos familiares e a prevenção, com acompanhamento continuado das famílias em maior vulnerabilidade.",False,False,False,False,False,False,True,True,False,False
40,so_pilar_b,"O número de vínculos efetivos caiu de 6.357 em 2024 para 6.246 em 2025, redução de 111",False,True,True,False,False,False,False,False,True,True
41,so_pilar_c,A Organização Mundial da Saúde (OMS) corrobora com as conclusões do estudo ao,False,False,False,False,True,True,False,False,True,True
42,so_pilar_b,diagnosticar e tratar 78% das necessidades de saúde da população e reduzir internações,False,False,True,True,False,False,False,False,True,True
43,so_pilar_b,"Restauração com aumento de capacidade da PR-463, entre Iguaraçu e o Rio Paranapanema",False,False,True,False,False,False,False,False,True,False
44,retorica_jargao,"e outros materiais, em articulação com o setor produtivo, o comércio e as cooperativas.",False,False,False,False,False,False,True,True,False,False
45,neutro_com_verbo_compromisso,Programa de patrocínio direto a atletas e paratletas de Rondônia.,False,False,False,False,False,False,False,False,False,False
46,neutro_puro,"Conclusão de Corredores Estratégicos: Finalização dos trechos            a instalação de sistemas de irrigação, câmaras de resfriamento",False,False,False,False,False,False,False,False,False,False
47,neutro_puro,As tendências mundiais apontam para um novo paradigma de,False,False,False,False,False,False,False,False,False,False
48,neutro_puro,"O problema das contas públicas do GDF não se resume apenas a gestão orçamentária, a",False,False,False,False,False,False,False,False,False,False
49,neutro_com_verbo_compromisso,"Garantir participação social efetiva por meio do Conselho Estadual de Habitação (CEH),",False,False,False,False,False,False,False,False,False,False
50,neutro_puro,"mediana de 34,2%, chegando a 68,9% em Palestina, 63,2% em Carneiros e",False,True,False,False,False,False,False,False,False,True
51,so_pilar_c,"minerais em uma determinada área, com base em evidências indiretas (geofísicas,",False,False,False,False,True,False,False,False,True,False
52,retorica_jargao,"Desenvolver tecnologias sociais para transformar vidas, levando soluções inovadoras",False,False,False,False,False,False,True,True,False,False
53,neutro_com_verbo_compromisso,garantir igualdade de oportunidades e reforçar a participação da sociedade no,False,False,False,False,False,False,False,False,False,False
54,so_pilar_b,"(PEMAMC-BA), com meta de neutralidade de carbono até 2050, metas setoriais intermediárias para",False,False,True,True,False,False,False,False,True,True
55,multi_pilar,"No mercado de trabalho, os dados do IBGE de 2025 mostram que o Amazonas registrou",True,False,False,False,True,True,False,False,True,True
56,retorica_jargao,Fortalecer Sistema Estadual de Cultura em articulação com,False,False,False,False,False,False,True,True,False,False
57,neutro_puro,SUSAF (Sistema Uniﬁcado Estadual de Sanidade Agroindustrial Familiar),False,False,False,False,False,False,False,False,False,False
58,neutro_puro,"melhores condições para a atração de investimentos, geração de emprego",False,False,False,False,False,False,False,False,False,False
59,so_pilar_c,lecendo a governança e a tomada de decisão baseada em evidências.,False,False,False,False,True,False,False,True,True,False
60,so_pilar_c,Marco Legal do Saneamento (Lei nº 14.026/2020): estabelece metas de universali-,False,False,False,False,True,True,False,False,True,True
61,neutro_com_verbo_compromisso,"Implantar uma central de laudagem na qual especialistas farão a análise de exames, retornando",False,False,False,False,False,False,False,False,False,False
62,so_pilar_c,gestão baseada em evidências e acompanhamento de trajetórias acadêmicas e profissionais.,False,False,False,False,True,False,False,False,True,False
63,so_pilar_c,A Lei Brasileira de Inclusão (Lei nº 13.146/2015) consolidou uma mudança de paradigma,False,False,False,False,True,True,False,False,True,True
64,neutro_puro,estratégia de diagnóstico estruturada em quatro frentes complementares:,False,False,False,False,False,False,False,False,False,False
65,neutro_com_verbo_compromisso,"Pessoa idosa — Construir rede de cuidados de longa duração, atenção domiciliar, centros-dia,",False,False,False,False,False,False,False,False,False,False
66,multi_pilar,"Segundo dados do IBGE (2025), dos 590 municípios situados na faixa de fronteira",True,True,False,False,True,True,False,False,True,True
67,so_pilar_c,"Informações Hospitalares do SUS (SIH/SUS), com bases do DATASUS, registra um dado que",False,False,False,False,True,True,False,False,True,True
68,so_pilar_a,"Em Manaus, o Censo 2022 identificou mais de 200 mil pessoas ido-",True,True,False,False,False,True,False,False,True,True
69,neutro_puro,"O estudo Cartografias da Violência na Amazônia (FBSP, 2025) é categórico ao afirmar",False,False,False,False,False,True,False,False,False,True
70,retorica_jargao,"enfrentando problemas de transporte caro e ineficiente, fragmentação administrativa e",False,False,False,False,False,False,True,False,False,False
71,neutro_com_verbo_compromisso,●​ Desenvolver e aperfeiçoar ferramentas tecnológicas de execução,False,False,False,False,False,False,False,False,False,False
72,neutro_com_verbo_compromisso,e reduzir a burocracia que atrasa investimentos sem melhorar a fiscalização.,False,False,False,False,False,False,False,False,False,False
73,retorica_jargao,"de um novo ciclo: um Amazonas forte, sustentável e com oportunidades para todos.",False,False,False,False,False,False,True,True,False,False
74,multi_pilar,"nacional (SIH/DATASUS 2024), o IAL estimado é de 1,32.",True,True,False,False,True,True,False,False,True,True
75,so_pilar_a,"Bahia, 2026), e ocupa a 22ª posição no Ranking de Competitividade dos Estados (CLP/Tendências,",True,True,False,False,False,True,False,False,True,True
76,so_pilar_a,"nas, Inep/Censo Escolar 2024, SAEB 2023, IDEB 2023, MEC/CNCA 2024, TCE-AM (out/2025), PNAD Contínua",True,False,False,False,False,True,False,False,True,True
77,retorica_jargao,"e sustentabilidade, fazendo com que as riquezas de Mato Grosso gerem oportunidades para quem vive no Estado.",False,False,False,False,False,False,True,True,False,False
78,so_pilar_c,"federais do Novo PAC, do BNDES, do Programa de Aquisição de Alimentos, do",False,False,False,False,True,True,False,False,True,True
79,so_pilar_a,damente 85% (Censo 2023) para ≥ 93% no horizonte do Plano.,True,True,False,True,False,True,False,False,True,True
80,neutro_com_verbo_compromisso,outras áreas para apoiar os municípios e garantir o desenvolvimento pleno das,False,False,False,False,False,False,False,False,False,False
81,so_pilar_b,"segundo ano consecutivo em 2023, com diminuição de 441 mil famílias em dois anos.",False,True,True,False,False,False,False,False,True,True
82,multi_pilar,Fonte: elaborado pelos autores a partir de IBGE - Produção da Extração Vegetal e da Silvicultura (Tabela 289),True,False,False,False,True,True,False,False,True,True
83,so_pilar_b,"enquanto na ortopedia diminuíram de 863 para 571, redução de 33,8%.",False,True,True,False,False,False,False,False,True,True
84,so_pilar_c,"Lei nº 6.616, de 23 de dezembro de 2023.",False,False,False,False,True,True,False,False,True,True
85,retorica_jargao,a educação permanente integrada ao escopo contratual da concessão de telessaúde.,False,False,False,False,False,False,True,True,False,False
86,so_pilar_a,tendo como linha de base o ano de 2025.,True,False,False,False,False,False,False,False,True,False
87,so_pilar_c,"Parcerias          nologia e conectividade), BID e Banco Mundial (crédito para infraestrutura",False,False,False,False,True,True,False,False,True,True
88,retorica_jargao,"econômicos destinados à valorização dos serviços       turismo de base comunitária, e acumula mais de R$",False,False,False,False,False,False,True,True,False,False
89,multi_pilar,"6,0% do total em 2010 para 8,7% em 2024 (IBGE), num estado com uma das",True,True,False,False,True,True,False,False,True,True
90,neutro_com_verbo_compromisso,"Ampliar atendimento itinerante e digital, unidades móveis e soluções consorciadas para",False,False,False,False,False,False,False,False,False,False
91,so_pilar_b,"queda de 6,5% em DOS do ponto-de partida,",False,False,True,True,False,False,False,False,True,True
92,so_pilar_c,"com a FAPEAM, o BNDES e a FINEP.",False,False,False,False,True,True,False,False,True,True
93,so_pilar_a,"mortes por 100 mil habitantes, e ﬁguramos com a maior taxa de roubo a residência do Brasil",True,True,False,False,False,False,False,False,True,True
94,so_pilar_c,"Instalar cinco Hospitais do Pet em regiões estratégicas, com consultas, exames, cirurgias e urgência permanente, a exemplo do Hospital Pet em João Pessoa.",False,False,False,False,True,True,False,False,True,True
95,so_pilar_c,com apoio de sistemas e bases de dados de instituições como o INPE e a Rede Amazô-,False,False,False,False,True,True,False,False,True,True
96,so_pilar_a,Fonte: FJP/Ministério das Cidades com base na PNAD Contínua e Censo 2022,True,False,False,False,False,True,False,False,True,True
97,so_pilar_a,"qualquer outro estado: em 2025, a Bahia teve a maior taxa nacional de Mortes Violentas Intencionais",True,True,False,False,False,False,False,False,True,True
98,neutro_com_verbo_compromisso,"   Investir em Política Estadual de Saúde Bucal de Rondônia, fortalecendo a cirurgia",False,False,False,False,False,False,False,True,False,False
99,neutro_com_verbo_compromisso,infraestrutura e estimular a instalação e a expansão de empresas e atividades produtivas relacionadas às,False,False,False,False,False,False,False,False,False,False
100,multi_pilar,Dados do IBGE (2023) apontam para cerca de 490 mil indí-,True,True,False,False,True,True,False,False,True,True
101,neutro_com_verbo_compromisso,"odontológica 24 horas em todas as regionais de saúde do Distrito Federal, expandir",False,False,False,False,False,False,False,False,False,False
102,neutro_com_verbo_compromisso,"Ampliar o Auxílio Estadual de R$ 150 para R$ 250 mensais, beneficiando",False,False,False,True,False,False,False,False,False,True
103,neutro_com_verbo_compromisso,Primeira infância: começar a reduzir desigualdades desde o início,False,False,False,False,False,False,False,False,False,False
104,multi_pilar,"publicação mensal de indicadores para         R$ 234,0 milhões               SIH/DATASUS",True,False,False,False,True,True,False,False,True,True
105,so_pilar_a,A principal meta econômica de Sandro Alex é elevar o Paraná ao posto de terceira maior potência do,True,False,False,True,False,False,False,False,True,True
106,so_pilar_a,"recuou para 21,6% no mesmo ano, a menor da série histórica (Censo Escolar 2023,",True,True,False,False,False,True,False,False,True,True
107,neutro_puro,"com mais de 260 aprovações em vestibulares de instituições como UEA, UFAM e IFAM",False,False,False,True,False,False,False,False,False,True
108,so_pilar_a,"Painel de 10 indicadores de desempenho do CERDQ-AM com linha de base, meta intermediária,",True,False,False,False,False,False,False,False,True,False
109,so_pilar_a,"Censo Escolar, com maior concentração no 1º ano, etapa em que as dificul-",True,False,False,False,False,True,False,False,True,True
110,retorica_jargao,"nalização, no dimensionamento do efetivo e na modernização administrativa.",False,False,False,False,False,False,True,True,False,False
111,so_pilar_c,"Lei nº 15.388/2026 —   objetivos, metas e estratégias, e prevê       objetivos, metas, estratégias, verifica-",False,False,False,False,True,True,False,False,True,True
112,so_pilar_c,"A disponibilidade de recursos provenientes de organismos multilaterais, como BID, Banco Mundial",False,False,False,False,True,True,False,False,True,True
113,neutro_com_verbo_compromisso,"universidades e instituições de ensino para ampliar formação técnica,",False,False,False,False,False,False,False,False,False,False
114,retorica_jargao,"importantes políticas públicas de saúde, preservação ambiental e",False,False,False,False,False,False,True,True,False,False
115,retorica_jargao,"de facções a pirataria fluvial, crimes ambientais e         Trata-se de transformar a",False,False,False,False,False,False,True,True,False,False
116,neutro_com_verbo_compromisso,"Em parceria com a Prefeitura de Manaus, realizar:",False,False,False,False,False,False,False,False,False,False
117,so_pilar_a,"e 251 mil não contam com esgotamento sanitário adequado, enquanto o",True,True,False,False,False,False,False,False,True,True
118,retorica_jargao,"produtividade, qualidade, segurança jurídica e cumprimento das condicionantes.",False,False,False,False,False,False,True,True,False,False
119,neutro_puro,"mobilidade, iluminação, câmeras e informações territoriais para prevenção.",False,False,False,False,False,False,False,False,False,False
120,so_pilar_b,Resultados: 70% dos usuários com redução de consumo,False,False,True,True,False,False,False,False,True,True
121,retorica_jargao,"integrada, ar culando assistência social, desenvolvimento econômico, agricultura e demais",False,False,False,False,False,False,True,True,False,False
122,multi_pilar,"tribuídos em 259 etnias e 168 línguas, segundo o Censo 2022 do IBGE, dotados de",True,True,False,False,True,True,False,False,True,True
123,so_pilar_c,"Para enfrentar esse desafio, este diagnóstico foi construído com base em dados",False,False,False,False,True,False,False,False,True,False
124,multi_pilar,"Paulo, Rio de Janeiro, Brasília e Belo Horizonte (IBGE/2024).",True,False,False,False,True,True,False,False,True,True
125,neutro_puro,inteligente capaz de rastrear deslocamentos e padrões de criminalidade.,False,False,False,False,False,False,False,False,False,False
126,retorica_jargao,colabora va e fortalecimento dos mecanismos de comunicação entre a população e as forças de,False,False,False,False,False,False,True,True,False,False
127,so_pilar_b,"O compromisso é governar com metas públicas, acompanhar cada real em painel aberto a qualquer cidadão, reduzir o custo das compras, apoiar tecnicamente as 223 prefeituras e modernizar a SEFAZ para a era do IBS e da CBS.",False,False,True,False,False,False,False,True,True,False
128,so_pilar_c,"genas, com priorização territorial baseada em indicadores de vulnerabilidade nutri-",False,False,False,False,True,False,False,False,True,False
129,neutro_puro,"Na segunda gestão do Governo Tarcísio,                       O programa será organizado em três grandes frentes:",False,False,False,False,False,False,False,False,False,False
130,so_pilar_b,"   Elevar o investimento efetivamente entregue dos atuais 2,8% para mais de 10% da despesa",False,True,True,True,False,False,False,False,True,True
131,so_pilar_a,A violência só cresce: 1.058 pessoas foram assassinadas em um único ano (2024).,True,True,False,False,False,False,False,False,True,True
132,so_pilar_c,"O BNDES atua ativamente no fomento à cultura e economia criativa, oferecendo linhas",False,False,False,False,True,True,False,False,True,True
133,neutro_com_verbo_compromisso,A implementação de programa de longa duração e elevada complexidade exige análise,False,False,False,False,False,False,False,False,False,False
134,so_pilar_b,"2031           75,5%                +1,5           Redução da distorção idade-série (efeito EF)",False,False,True,True,False,False,False,False,True,True
135,retorica_jargao,"governança de dados, educação a distância, acessibilidade digital, criação de observatórios",False,False,False,False,False,False,True,True,False,False
136,multi_pilar,"Fontes: IBGE, Censo Demográfico 022 e Projeções da População (revisão 2018)",True,False,False,False,True,True,False,False,True,True
137,so_pilar_c,"Lei nº 13.005, de 25 de junho de 2014.",False,False,False,False,True,True,False,False,True,True
138,neutro_com_verbo_compromisso,Mas como uma política transversal destinada a ampliar a,False,False,False,False,False,False,False,False,False,False
139,so_pilar_a,menor taxa de roubo e furto de veículos.,True,True,False,False,False,False,False,False,True,True
140,retorica_jargao,"planejamento financeiro, comercialização, sucessão, solo, água, tecnologia e políticas públicas,",False,False,False,False,False,False,True,True,False,False
141,so_pilar_a,"Censo Demográfico 2022), frequentemente em arranjos monoparentais em que a",True,False,False,False,False,True,False,False,True,True
142,retorica_jargao,"O Saber que Inova fortalecerá a pesquisa, a inovação e a transferência de tecnologia nas universidades",False,False,False,False,False,False,True,True,False,False
143,neutro_puro,"pesquisa, infraestrutura, assistência técnica, segurança jurídica e           de projetos e acompanhamento técnico",False,False,False,False,False,False,False,False,False,False
144,so_pilar_b,"permitiria zerar a fila de hérnias e vesículas em 14 meses, além de criar uma referência",False,False,True,True,False,False,False,False,True,True
145,so_pilar_a,Os dados do CadÚnico em junho de 2026 revelam a dimensão do desafio social baiano: 4.401.558,True,True,False,False,False,True,False,False,True,True
146,so_pilar_a,"apenas 56,6% das unidades dispõem de Wi-Fi adequado (Censo Escolar 2024)",True,True,False,False,False,True,False,False,True,True
147,so_pilar_a,"Ocupamos também a 6ª maior taxa de homicídios dolosos do país, com 25,1",True,True,False,False,False,False,False,False,True,True
148,retorica_jargao,"o registro civil e a prevenção às violências, e fortalecer o atendimento integrado a crianças e",False,False,False,False,False,False,True,True,False,False
149,so_pilar_c,Fonte: IBGE – Produção da Extração Vegetal e da Silvicultura (PEVS).,False,False,False,False,True,True,False,False,True,True
150,so_pilar_b,Iniciativa 3: Implantação de Ação de Redução de Danos com agentes comunitários,False,False,True,False,False,False,False,False,True,False
151,so_pilar_b,"11           concentrados em queda de receita, fiscalização de OS, descontinuidade",False,False,True,False,False,False,False,False,True,False
152,retorica_jargao,"lei, fortalecendo a articulação intersetorial e garantindo maior acesso e cober-",False,False,False,False,False,False,True,True,False,False
153,retorica_jargao,"caíram −4,0% — indicando maior eficiência por apreensão.",False,False,False,False,False,False,True,True,False,False
154,neutro_com_verbo_compromisso,"construção de um Paraná mais próspero, humano, inclusivo e preparado para os",False,False,False,False,False,False,False,False,False,False
155,retorica_jargao,Ações mitigadoras: Revisão normativa e fortalecimento de corregedorias (Ação 1),False,False,False,False,False,False,True,True,False,False
156,neutro_puro,"contemporânea, trabalho, renda, educação, pertencimento, turismo e desenvolvimento regional.",False,False,False,False,False,False,False,False,False,False
157,neutro_com_verbo_compromisso,"O programa também irá atender micro e pequenos produtores rurais,",False,False,False,False,False,False,False,False,False,False
158,neutro_com_verbo_compromisso,"gastos desnecessários, cobrar metas de desempenho de cada secretaria e criar uma",False,False,False,False,False,False,False,False,False,False
159,neutro_puro,Método de coleta de dados: Logs de sistemas,False,False,False,False,False,False,False,False,False,False
160,retorica_jargao,"Consolidar o Núcleo de Empreendedorismo e Residência Digital (NERO), no bairro do Recife,",False,False,False,False,False,False,True,True,False,False
161,neutro_puro,"status internacional de área livre de febre aftosa sem vacinação, carimbo que abriu",False,False,False,False,False,False,False,False,False,False
162,multi_pilar,"dados do IBGE, apontou média salarial de R$ 2.753 na indústria potiguar no",True,True,False,False,True,True,False,False,True,True
163,so_pilar_b,"Restauração com aumento de capacidade da PR-090, entre Piraí do Sul e Jataizinho",False,False,True,False,False,False,False,False,True,False
164,neutro_puro,aos serviços conforme o lugar onde cada pessoa vive.,False,False,False,False,False,False,False,False,False,False
165,so_pilar_c,"estadual, a Lei nº 6.837/2024 já estabelece uma base regulatória importante, enquanto",False,False,False,False,True,True,False,False,True,True
166,so_pilar_c,"Buscar recursos do Fundo Clima, do BNDES, do BNB e de organismos multilaterais para projetos de eficiência energética, economia circular e indústria de baixo carbono.",False,False,False,False,True,True,False,False,True,True
167,neutro_com_verbo_compromisso,"Implantar o Programa Maternidades Seguras, fortalecendo a Rede",False,False,False,False,False,False,False,True,False,False
168,so_pilar_b,prioritária: reduzir em 40% a mortalidade materna evitável no interior até 2032.,False,False,True,True,False,False,False,False,True,True
169,multi_pilar,"Reduzir em 50% a taxa de analfabetismo da população com 15 anos ou mais,",True,False,True,True,False,False,False,False,True,True
170,neutro_puro,"para viver e liberdade para prosperar, pois nenhuma economia cresce de verdade, deixando metade",False,False,False,False,False,False,False,False,False,False
171,so_pilar_b,"pessoal recuou de 51% para 42% do total, uma redução de 17% na participação, e os",False,True,True,False,False,False,False,False,True,True
172,retorica_jargao,"Consolidar uma política de financiamento regular, transparente, acessível e territorialmente equilibrada.",False,False,False,False,False,False,True,True,False,False
173,so_pilar_c,vagas criadas em lei para o CBMAM (Lei nº 3.431/2009),False,False,False,False,True,True,False,False,True,True
174,so_pilar_b,09   Promover a Ressocialização e Reduzir a Reincidência Criminal,False,False,True,False,False,False,False,False,True,False
175,neutro_puro,"O Paraná Acolhe, Integra e Valoriza Talentos organizará uma política estadual completa para migrantes e",False,False,False,False,False,False,False,True,False,False
176,retorica_jargao,imediatismo e produzir transformação real e duradoura na vida das famílias amazonenses.,False,False,False,False,False,False,True,True,False,False
177,neutro_puro,A promoção da segurança alimentar e da inclusão produtiva,False,False,False,False,False,False,False,False,False,False
178,neutro_com_verbo_compromisso,●​ Implementar a Política Estadual de Agricultura de Baixo,False,False,False,False,False,False,False,False,False,False
179,so_pilar_a,estado com a menor taxa de roubo e furto de veículos.,True,True,False,False,False,False,False,False,True,True
180,neutro_puro,"Implementação, monitoramento e revisão: As secretarias passarão a firmar contratos de gestão com metas claras, avaliados periodicamente.",False,False,False,False,False,False,False,False,False,False
181,neutro_com_verbo_compromisso,"geotecnologias, IA e sistemas inteligentes de planejamento para apoiar decisões,",False,False,False,False,False,False,False,False,False,False
182,multi_pilar,"conforme dados do Anuário Brasileiro de Segurança Pública, divulgado em 23 de",True,False,False,False,True,True,False,False,True,True
183,retorica_jargao,Síntese: A ação visa fortalecer a capacidade operacional das forças de segurança do,False,False,False,False,False,False,True,True,False,False
184,so_pilar_a,"No Amazonas, dados do Sebrae mostram crescimento de 62,2%",True,True,False,False,False,True,False,False,True,True
185,neutro_puro,"inteligência para orientar a atuação das forças de segurança, com atenção às áreas residenciais,",False,False,False,False,False,False,False,False,False,False
186,retorica_jargao,"novos empreendimentos, insuficiência de redes de transmissão e distribuição em diversas",False,False,False,False,False,False,True,True,False,False
187,neutro_com_verbo_compromisso,Descentralizar e qualificar o acesso da população LGBTQIAPN+ do Piauí a serviços de,False,False,False,False,False,False,False,False,False,False
188,so_pilar_c,o acompanhamento das metas de universalização estabelecidas pelo Marco Legal do Saneamento Básico.,False,False,False,False,True,True,False,False,True,True
189,neutro_com_verbo_compromisso,● Desenvolver programas de qualificação profissional alinhados às demandas do,False,False,False,False,False,False,False,False,False,False
190,retorica_jargao,"Fortalecer institucionalmente a EMATER, ampliando equipes técnicas, atualizando",False,False,False,False,False,False,True,True,False,False
191,neutro_puro,"muitas comunidades ampliam a capacidade de cooptação por parte dessas organizações,",False,False,False,False,False,False,False,False,False,False
192,so_pilar_a,"Saneamento de 2025, ano-base 2023, e na 82ª posição no ranking de 2026, com base",True,True,False,False,False,False,False,False,True,True
193,neutro_com_verbo_compromisso,implantar Complexos Industriais Penais voltados ao trabalho e ao estudo dos apenados,False,False,False,False,False,False,False,False,False,False
194,so_pilar_c,"Lei nº 8.069, de 13 de julho de 1990.",False,False,False,False,True,True,False,False,True,True
195,retorica_jargao,"Implementar o Prontuário Digital Integrado, visando o compartilhamento de histórico",False,False,False,False,False,False,True,True,False,False
196,so_pilar_c,"Lei nº 2.538, de 1999 – Dispõe sobre a organização do Corpo de Bombei-",False,False,False,False,True,True,False,False,True,True
197,so_pilar_c,São Paulo: Instituto Nacional de Pesquisas Espaciais (INPE),False,False,False,False,True,True,False,False,True,True
198,neutro_com_verbo_compromisso,"a) Criar conselho permanente com governo, municípios, setor privado",False,False,False,False,False,False,False,False,False,False
199,retorica_jargao,"Governar é identificar, integrar e potencializar as capacidades instaladas da sociedade para",False,False,False,False,False,False,True,True,False,False
200,neutro_puro,"procedimentos que geram maior demora, retrabalho, custo ou insegurança para",False,False,False,False,False,False,False,False,False,False
201,so_pilar_c,"Lei nº 15.369, de 31 de março de 2026.",False,False,False,False,True,True,False,False,True,True
202,so_pilar_c,"Educação e Desporto (SEDUC) foi estabelecida pela Lei nº 4.163, de 9 de março de 2015.",False,False,False,False,True,True,False,False,True,True
203,so_pilar_a,"Carteira pública das 30 prioridades, cada uma com responsável, linha de base,",True,False,False,False,False,False,False,False,True,False
204,neutro_com_verbo_compromisso,"Criar Polos Industriais    dos recursos minerais, evitando a expor-",False,False,False,False,False,False,False,False,False,False
205,multi_pilar,Fonte: elaborado pelos autores a partir de IBGE - Produção da Extração Vegetal e da Silvicultura (Tabela 289),True,False,False,False,True,True,False,False,True,True
206,multi_pilar,"Pelas projeções oficiais do IBGE, a participação de pessoas com 60",True,False,False,False,True,True,False,False,True,True
207,neutro_com_verbo_compromisso,"Criar condições para atrair produções audiovisuais ao Rio Grande do Sul, promovendo suas",False,False,False,False,False,False,False,False,False,False
208,so_pilar_b,"Os furtos de veículos passaram de 17.678 para 9.039 no mesmo período, uma queda de 48,9%.",False,True,True,False,False,False,False,False,True,True
209,so_pilar_a,"pontos abaixo da média nacional (INEP, Censo Escolar 2024 — Notas Estatísticas)",True,False,False,False,False,True,False,False,True,True
210,so_pilar_a,"2025, o Acre registrou a maior taxa proporcional de feminicídios",True,True,False,False,False,False,False,False,True,True
211,retorica_jargao,"servidores públicos, visando ampliar a eficiência administrativa, simplificar processos e",False,False,False,False,False,False,True,True,False,False
212,neutro_com_verbo_compromisso,"O objetivo não será criar estruturas paralelas para todos os problemas, mas garantir que as",False,False,False,False,False,False,False,False,False,False
213,so_pilar_c,"Ampliar as políticas de apoio aos Arranjos Produtivos Locais (APLs), a exemplo do polo de",False,False,False,False,True,True,False,False,True,True
214,so_pilar_b,"asfaltadas dos atuais 26% para a meta de 45% até 2030, focando nos eixos de integração",False,True,True,True,False,False,False,False,True,True
215,so_pilar_b,"As assimetrias justificam a Diretriz 7 do Programa, voltada à redução do hiato entre capital",False,False,True,False,False,False,False,False,True,False
216,neutro_com_verbo_compromisso,Instituir uma Coordenação Estadual de Apoio aos Conselhos Tutelares e criar,False,False,False,False,False,False,False,False,False,False
217,multi_pilar,"ao custeio de medicamentos, nutrição e cuidados especiais para             IBGE apontam que aproximadamente 309 mil mato-grossenses",True,True,False,False,True,True,False,False,True,True
218,multi_pilar,"De acordo com o IBGE (2023), a indústria no Amazonas é formada pelos segmentos:",True,False,False,False,True,True,False,False,True,True
219,neutro_puro,Descontinuidade de serviços por limitações logísticas e climáticas: cheias,False,False,False,False,False,False,False,False,False,False
220,multi_pilar,Fonte: IBGE - Produção da Extração Vegetal e da Silvicultura (Tabela 289).,True,False,False,False,True,True,False,False,True,True
221,so_pilar_c,"baseada em dados, participação social e consolidação institucional.",False,False,False,False,True,False,False,True,True,False
222,multi_pilar,"De acordo com o IBGE (junho 2026), o MS possui o 7° maior percentual de pessoas com nível superior do país",True,True,False,False,True,True,False,False,True,True
223,neutro_com_verbo_compromisso,"Criar centro permanente de inteligência para monitoramento de indicadores, planejamento",False,False,False,False,False,False,False,False,False,False
224,so_pilar_b,"redução de danos e na garantia de direitos, beneficiou 88.136 pessoas desde sua",False,True,True,False,False,False,False,False,True,True
225,retorica_jargao,um mero exportador de matéria-prima bruta para se consolidar como um polo de,False,False,False,False,False,False,True,True,False,False
226,so_pilar_b,"lado, a redução de 52,46% da área desmatada e de 64,72% dos focos de calor em junho",False,True,True,False,False,False,False,False,True,True
227,neutro_puro,"precisam ser compreendidas, respeitadas e incorporadas às decisões do governo.",False,False,False,False,False,False,False,False,False,False
228,neutro_com_verbo_compromisso,Ampliar o acesso aos serviços de saúde mental – Fortalecendo a Rede,False,False,False,False,False,False,False,True,False,False
229,so_pilar_a,dos 62 municípios não têm acesso rodoviário e muitos deles carecem de gestores de,True,True,False,False,False,False,False,False,True,True
230,retorica_jargao,"básico, na segurança hídrica urbana e na gestão sustentável de resíduos",False,False,False,False,False,False,True,True,False,False
231,so_pilar_a,com a segunda maior taxa de homicídios do Brasil paga preço em várias frentes ao mesmo tempo:,True,True,False,False,False,False,False,False,True,True
232,so_pilar_b,8) Elevar a taxa de alfabetização da população com 15 (quinze) anos ou mais,False,False,True,False,False,False,False,False,True,False
233,retorica_jargao,É exatamente esse o compromisso do Resgatar para Transformar o DF.,False,False,False,False,False,False,True,True,False,False
234,so_pilar_b,"Aumento de capacidade da PR-506, entre a BR-116 e Campina Grande do Sul",False,False,True,False,False,False,False,False,True,False
235,neutro_com_verbo_compromisso,●​ Ampliar o acesso aos exames preventivos e ao,False,False,False,False,False,False,False,False,False,False
236,so_pilar_c,"Lei nº 7.943, de 2025 – Institui o Plano de Cargos e Salários da SEAP.",False,False,False,False,True,True,False,False,True,True
237,multi_pilar,Fonte: elaborado pelos autores a partir de IBGE - Produção da Extração Vegetal e da Silvicultura (Tabela 289),True,False,False,False,True,True,False,False,True,True
238,neutro_com_verbo_compromisso,"Programa de incentivo ao esporte escolar, universitário e de alto rendimento.",False,False,False,False,False,False,False,False,False,False
239,multi_pilar,"Sociais 2025 do IBGE, elaborada com base na Pesquisa Nacional por Amostra",True,False,False,False,True,True,False,False,True,True
240,retorica_jargao,supressão vegetal: aprimoramento dos processos de análise e emissão,False,False,False,False,False,False,True,True,False,False
241,so_pilar_a,"o Anuário Brasileiro da Educação Básica 2025, com base nos dados do SAEB 2023.",True,False,False,False,False,True,False,False,True,True
242,so_pilar_a,"responsabilidade e trabalho firme, alcançamos em 2025 a menor taxa de homicídios",True,False,False,False,False,False,False,False,True,False
243,so_pilar_c,"Prevenção como eixo central, a exemplo de todos os modelos aqui apresentados.",False,False,False,False,True,False,False,False,True,False
244,so_pilar_c,"Lei nº 4.266, de 12 de dezembro de 2015.",False,False,False,False,True,True,False,False,True,True
245,neutro_com_verbo_compromisso,"do que administrar demandas imediatas, é necessário construir soluções permanentes que preparem o Estado para as",False,False,False,False,False,False,False,False,False,False
246,so_pilar_a,"Mesmo entre os baianos de 25 anos ou mais, a taxa de analfabetismo (11,6%) supera em",True,True,False,False,False,False,False,False,True,True
247,so_pilar_b,   Elevar o padrão de rodovias melhorando as condições para acima de 80% com rodovias,False,False,True,True,False,False,False,False,True,True
248,retorica_jargao,"jetivo é transformar o turismo em um vetor permanente de desenvolvimento regional, geração de emprego, va-",False,False,False,False,False,False,True,True,False,False
249,neutro_puro,E eu acredito que chegou a hora de intensiﬁcar todo esse potencial em uma,False,False,False,False,False,False,False,False,False,False
250,retorica_jargao,"às pessoas idosas, fortalecer a Rede Materno-Infantil com a conclusão da nova Maternidade",False,False,False,False,False,False,True,True,False,False
251,so_pilar_a,"Dados do CadÚnico e do Programa Bolsa Família na Bahia, referência junho/2026",True,False,False,False,False,True,False,False,True,True
252,so_pilar_c,"corredores de transporte, conforme estudos técnicos, projetos e",False,False,False,False,True,False,False,False,True,False
253,so_pilar_b,A Proposta de Emenda Constitucional nº 18/2025 busca elevar o SUSP ao nível,False,False,True,False,False,True,False,False,True,True
254,retorica_jargao,receber investimentos estruturantes capazes de produzir resultados duradouros.,False,False,False,False,False,False,True,True,False,False
255,neutro_com_verbo_compromisso,o PIM e passa a incluir a necessidade de ampliar a capacidade de gerar trabalho e renda,False,False,False,False,False,False,False,False,False,False
256,so_pilar_c,"Do ponto de vista jurídico, a Lei nº 14.735/2023 reconhece a possibilidade de organi-",False,False,False,False,True,True,False,False,True,True
257,so_pilar_b,A redução de 31% nos homicídios e nos roubos de veículos em Manaus e em muni-,False,False,True,True,False,False,False,False,True,True
258,so_pilar_c,"Lei nº 2.271/1994: estrutura o regime jurídico da Polícia Civil, consolidando a atu-",False,False,False,False,True,True,False,False,True,True
259,so_pilar_b,"Meta de elevar a taxa de conclusão do Ensino Médio para 80% até o Ano 11 do Plano,",False,False,True,True,False,False,False,False,True,True
260,so_pilar_c,Contaminações de produtos (a exemplo de aflatoxinas e      4.3 Capacitação em pós-colheita + 6.2 Pesquisa em técni-,False,False,False,False,True,False,False,False,True,False
261,neutro_puro,"saneamento com rigor técnico e sensibilidade social, com auditoria integral das concessões e",False,False,False,False,False,False,False,False,False,False
262,neutro_puro,Queremos que nossos jovens permaneçam no Pará porque aqui encontrarão,False,False,False,False,False,False,False,False,False,False
263,so_pilar_c,"Lei nº 14.620, de 13 de junho de 2023.",False,False,False,False,True,True,False,False,True,True
264,multi_pilar,"uma população de 2.996.899 milhões de habitantes (IBGE, 2025), elevado PIB per capita,",True,True,False,False,True,True,False,False,True,True
