estado,slug,nome,indice_atual_pct,indice_cobertura_pct,n_base,n_ret_atual,n_commit_no_base
distrito-federal,celina_leao,Celina Leão,0.35,0.39,1,282,254
distrito-federal,arruda,José Roberto Arruda,1.37,1.66,10,722,591
goias,daniel_vilela,Daniel Vilela,5.4,8.41,19,333,207
goias,marconi_perillo,Marconi Perillo,1.01,1.09,4,394,362
mato-grosso-do-sul,eduardo_riedel,Eduardo Riedel,2.49,3.23,9,352,270
mato-grosso-do-sul,fabio_trad,Fábio Trad,3.98,4.27,9,217,202
mato-grosso,otaviano-pivetta,Otaviano Pivetta,3.17,5.0,9,275,171
mato-grosso,wellington-fagundes,Wellington Fagundes,2.34,1.35,4,167,292
alagoas,jhc,João Henrique Caldas (JHC),10.08,8.89,12,107,123
alagoas,renan-filho,Renan Filho,0.0,0.0,0,18,43
bahia,jeronimo-rodrigues,Jerônimo Rodrigues,2.77,2.55,8,281,306
bahia,acm-neto,ACM Neto,25.58,29.03,99,288,242
ceara,elmano-de-freitas,Elmano de Freitas,1.42,2.28,7,485,300
ceara,ciro-gomes,Ciro Gomes,0.0,0.0,0,179,59
maranhao,orleans-brandao,Orleans Brandão,2.97,1.34,3,98,221
maranhao,eduardo-braide,Eduardo Braide,3.7,2.17,1,26,45
maranhao,felipe-camarao,Felipe Camarão,19.27,21.88,42,176,150
pernambuco,raquel-lyra,Raquel Lyra,4.03,3.53,16,381,437
pernambuco,joao-campos,João Campos,0.51,0.29,1,197,340
piaui,rafael-fonteles,Rafael Fonteles,10.05,7.75,22,197,262
piaui,joel-rodrigues,Joel Rodrigues,1.46,0.92,5,337,536
rio-grande-do-norte,allyson-bezerra,Allyson Bezerra,1.72,0.74,1,57,134
rio-grande-do-norte,alvaro-dias,Álvaro Dias,1.71,1.51,9,518,589
rio-grande-do-norte,cadu-xavier,Cadu Xavier,0.39,0.57,1,256,173
sergipe,fabio-mitidieri,Fábio Mitidieri,2.98,3.76,5,163,128
sergipe,valmir-de-francisquinho,Valmir de Francisquinho,1.89,1.62,9,468,547
acre,mailza-assis,Mailza Assis,0.52,0.56,3,576,535
acre,alan-rick,Alan Rick,3.12,2.13,6,186,276
amapa,clecio-luis,Clécio Luís,0.57,0.6,1,175,166
amapa,dr-furlan,Dr. Furlan,2.3,2.24,9,382,392
amazonas,omar-aziz,Omar Aziz,18.54,23.94,872,3832,2770
amazonas,roberto-cidade,Roberto Cidade,1.59,1.2,1,62,82
amazonas,david-almeida,David Almeida,4.9,5.05,15,291,282
para,hana-ghassan,Hana Ghassan,2.88,2.1,9,303,419
para,dr-daniel-santos,Dr. Daniel Santos,0.28,0.58,1,354,171
rondonia,adailton-furia,Adailton Fúria,3.85,3.05,13,325,413
rondonia,marcos-rogerio,Marcos Rogério,8.06,10.57,37,422,313
rondonia,hildon-chaves,Hildon Chaves,1.03,1.03,6,574,579
tocantins,professora-dorinha,Professora Dorinha,4.32,2.29,13,288,555
tocantins,vicentinho-junior,Vicentinho Júnior,3.64,3.31,4,106,117
espirito-santo,ricardo_ferraco,Ricardo Ferraço,2.0,2.39,13,637,531
espirito-santo,lorenzo_pazolini,Lorenzo Pazolini,4.28,4.32,8,179,177
minas-gerais,cleitinho_azevedo,Cleitinho Azevedo,1.82,2.63,1,54,37
minas-gerais,alexandre_kalil,Alexandre Kalil,0.4,0.37,2,504,537
rio-de-janeiro,douglas_ruas,Douglas Ruas,1.03,1.61,1,96,61
sao-paulo,tarcisio_de_freitas,Tarcísio de Freitas,4.21,5.94,12,273,190
sao-paulo,fernando_haddad,Fernando Haddad,3.03,2.0,1,32,49
parana,sergio_moro,Sergio Moro,0.92,1.11,3,324,268
parana,requiao_filho,Requião Filho,0.0,0.0,0,41,92
parana,sandro_alex,Sandro Alex,3.43,6.63,32,901,451
rio-grande-do-sul,luciano_zucco,Luciano Zucco,3.22,3.05,12,361,381
rio-grande-do-sul,juliana_brizola,Juliana Brizola,2.06,5.33,4,190,71
santa-catarina,jorginho-mello,Jorginho Mello,1.85,1.79,1,53,55
santa-catarina,joao-rodrigues,João Rodrigues,3.51,4.55,4,110,84
pb2026_v2,cicero-lucena,Cícero Lucena,15.06,7.49,25,141,309
pb2026_v2,efraim-filho,Efraim Filho,0.88,0.69,1,113,144
pb2026_v2,lucas-ribeiro,Lucas Ribeiro,0.0,0.0,0,82,128
